[{"id":6,"name":"circleci-get-modified","adapterType":"circleci","operation":"QUERY_MODIFIED_RECORDS","requestSpecType":"JOLT","responseSpecType":"JOLT","status":"Active","requestSpec":"{}","responseSpec":"{}","createdBy":"admin","groupName":"","statusCode":2},{"id":7,"name":"circleci-get-record","adapterType":"circleci","operation":"QUERY_RECORD_BY_ID","requestSpecType":"JOLT","responseSpecType":"JOLT","status":"Active","requestSpec":"{}","responseSpec":"[\n  {\n    \"operation\": \"shift\",\n    \"spec\": {\n       \"number\":\"id\",\n       \"id\":\"fields.guid\",\n       \"state\":\"fields.state\",\n       \"updated_at\":\"fields.updated_at\",\n       \"created_at\":\"fields.created_at\"\n    }\n  },\n  {\n    \"operation\":\"modify-overwrite-beta\",\n    \"spec\" : {\n      \"id\":\"=toString\"\n    }\n  }\n]","createdBy":"admin","groupName":"","statusCode":2},{"id":8,"name":"circleci-create-modified","adapterType":"circleci","operation":"CREATE_RECORD","requestSpecType":"JOLT","responseSpecType":"JOLT","status":"Active","requestSpec":"[\n  {\n    \"operation\": \"shift\",\n    \"spec\": {\n       \"fields\":{\n          \"branch\":\"branch\",\n          \"tag\":\"tag\"\n      }\n    }\n  }\n]","responseSpec":"[\n  {\n    \"operation\": \"shift\",\n    \"spec\": {\n       \"number\":\"id\",\n       \"id\":\"fields.guid\",\n       \"state\":\"fields.state\"\n    }\n  },\n  {\n    \"operation\":\"modify-overwrite-beta\",\n    \"spec\" : {\n      \"id\":\"=toString\"\n    }\n  }\n]","createdBy":"admin","groupName":"","statusCode":2},{"id":9,"name":"circleci-update-modified","adapterType":"circleci","operation":"UPDATE_RECORD","requestSpecType":"JOLT","responseSpecType":"JOLT","status":"Active","requestSpec":"{}","responseSpec":"{}","createdBy":"admin","groupName":"","statusCode":2}]